Cell Data,Filename,Table Number,IsQuestion
"Name: ______________________Date: __________________________
Directions:
Below is a list of sentences that describe how people feel. Read each phrase and decide if it is 
“Not True or Hardly Ever True” or “Somewhat True or Sometimes True” or “Very True or Often 
True” for you.  Then for each sentence, fill in one circle that corresponds to the response that 
seems to describe you for the last 3 months.",C:\Users\tates\Downloads\pdf-questionnaire-extraction-main\pdf-questionnaire-extraction-main\data\preprocessed_tables\018_scaredformparentandchildversio.json,1,0
"0
Not True 
or Hardly 
Ever True",C:\Users\tates\Downloads\pdf-questionnaire-extraction-main\pdf-questionnaire-extraction-main\data\preprocessed_tables\018_scaredformparentandchildversio.json,1,0
"1
Somewhat 
True or 
Sometimes 
True",C:\Users\tates\Downloads\pdf-questionnaire-extraction-main\pdf-questionnaire-extraction-main\data\preprocessed_tables\018_scaredformparentandchildversio.json,1,0
"2
Very True 
or Often 
True",C:\Users\tates\Downloads\pdf-questionnaire-extraction-main\pdf-questionnaire-extraction-main\data\preprocessed_tables\018_scaredformparentandchildversio.json,1,0
"When I feel frightened, it is hard for me to breathe",C:\Users\tates\Downloads\pdf-questionnaire-extraction-main\pdf-questionnaire-extraction-main\data\preprocessed_tables\018_scaredformparentandchildversio.json,1,1
o,C:\Users\tates\Downloads\pdf-questionnaire-extraction-main\pdf-questionnaire-extraction-main\data\preprocessed_tables\018_scaredformparentandchildversio.json,1,0
o,C:\Users\tates\Downloads\pdf-questionnaire-extraction-main\pdf-questionnaire-extraction-main\data\preprocessed_tables\018_scaredformparentandchildversio.json,1,0
o,C:\Users\tates\Downloads\pdf-questionnaire-extraction-main\pdf-questionnaire-extraction-main\data\preprocessed_tables\018_scaredformparentandchildversio.json,1,0
I get headaches when I am at school,C:\Users\tates\Downloads\pdf-questionnaire-extraction-main\pdf-questionnaire-extraction-main\data\preprocessed_tables\018_scaredformparentandchildversio.json,1,1
o,C:\Users\tates\Downloads\pdf-questionnaire-extraction-main\pdf-questionnaire-extraction-main\data\preprocessed_tables\018_scaredformparentandchildversio.json,1,0
o,C:\Users\tates\Downloads\pdf-questionnaire-extraction-main\pdf-questionnaire-extraction-main\data\preprocessed_tables\018_scaredformparentandchildversio.json,1,0
o,C:\Users\tates\Downloads\pdf-questionnaire-extraction-main\pdf-questionnaire-extraction-main\data\preprocessed_tables\018_scaredformparentandchildversio.json,1,0
I don’t like to be with people I don’t know well,C:\Users\tates\Downloads\pdf-questionnaire-extraction-main\pdf-questionnaire-extraction-main\data\preprocessed_tables\018_scaredformparentandchildversio.json,1,1
o,C:\Users\tates\Downloads\pdf-questionnaire-extraction-main\pdf-questionnaire-extraction-main\data\preprocessed_tables\018_scaredformparentandchildversio.json,1,0
o,C:\Users\tates\Downloads\pdf-questionnaire-extraction-main\pdf-questionnaire-extraction-main\data\preprocessed_tables\018_scaredformparentandchildversio.json,1,0
o,C:\Users\tates\Downloads\pdf-questionnaire-extraction-main\pdf-questionnaire-extraction-main\data\preprocessed_tables\018_scaredformparentandchildversio.json,1,0
I get scared if I sleep away from home,C:\Users\tates\Downloads\pdf-questionnaire-extraction-main\pdf-questionnaire-extraction-main\data\preprocessed_tables\018_scaredformparentandchildversio.json,1,1
o,C:\Users\tates\Downloads\pdf-questionnaire-extraction-main\pdf-questionnaire-extraction-main\data\preprocessed_tables\018_scaredformparentandchildversio.json,1,0
o,C:\Users\tates\Downloads\pdf-questionnaire-extraction-main\pdf-questionnaire-extraction-main\data\preprocessed_tables\018_scaredformparentandchildversio.json,1,0
o,C:\Users\tates\Downloads\pdf-questionnaire-extraction-main\pdf-questionnaire-extraction-main\data\preprocessed_tables\018_scaredformparentandchildversio.json,1,0
I worry about other people liking me,C:\Users\tates\Downloads\pdf-questionnaire-extraction-main\pdf-questionnaire-extraction-main\data\preprocessed_tables\018_scaredformparentandchildversio.json,1,1
o,C:\Users\tates\Downloads\pdf-questionnaire-extraction-main\pdf-questionnaire-extraction-main\data\preprocessed_tables\018_scaredformparentandchildversio.json,1,0
o,C:\Users\tates\Downloads\pdf-questionnaire-extraction-main\pdf-questionnaire-extraction-main\data\preprocessed_tables\018_scaredformparentandchildversio.json,1,0
o,C:\Users\tates\Downloads\pdf-questionnaire-extraction-main\pdf-questionnaire-extraction-main\data\preprocessed_tables\018_scaredformparentandchildversio.json,1,0
"When I get frightened, I feel like passing out",C:\Users\tates\Downloads\pdf-questionnaire-extraction-main\pdf-questionnaire-extraction-main\data\preprocessed_tables\018_scaredformparentandchildversio.json,1,1
o,C:\Users\tates\Downloads\pdf-questionnaire-extraction-main\pdf-questionnaire-extraction-main\data\preprocessed_tables\018_scaredformparentandchildversio.json,1,0
o,C:\Users\tates\Downloads\pdf-questionnaire-extraction-main\pdf-questionnaire-extraction-main\data\preprocessed_tables\018_scaredformparentandchildversio.json,1,0
o,C:\Users\tates\Downloads\pdf-questionnaire-extraction-main\pdf-questionnaire-extraction-main\data\preprocessed_tables\018_scaredformparentandchildversio.json,1,0
I am nervous,C:\Users\tates\Downloads\pdf-questionnaire-extraction-main\pdf-questionnaire-extraction-main\data\preprocessed_tables\018_scaredformparentandchildversio.json,1,1
o,C:\Users\tates\Downloads\pdf-questionnaire-extraction-main\pdf-questionnaire-extraction-main\data\preprocessed_tables\018_scaredformparentandchildversio.json,1,0
o,C:\Users\tates\Downloads\pdf-questionnaire-extraction-main\pdf-questionnaire-extraction-main\data\preprocessed_tables\018_scaredformparentandchildversio.json,1,0
o,C:\Users\tates\Downloads\pdf-questionnaire-extraction-main\pdf-questionnaire-extraction-main\data\preprocessed_tables\018_scaredformparentandchildversio.json,1,0
I follow my mother or father wherever they go,C:\Users\tates\Downloads\pdf-questionnaire-extraction-main\pdf-questionnaire-extraction-main\data\preprocessed_tables\018_scaredformparentandchildversio.json,1,1
o,C:\Users\tates\Downloads\pdf-questionnaire-extraction-main\pdf-questionnaire-extraction-main\data\preprocessed_tables\018_scaredformparentandchildversio.json,1,0
o,C:\Users\tates\Downloads\pdf-questionnaire-extraction-main\pdf-questionnaire-extraction-main\data\preprocessed_tables\018_scaredformparentandchildversio.json,1,0
o,C:\Users\tates\Downloads\pdf-questionnaire-extraction-main\pdf-questionnaire-extraction-main\data\preprocessed_tables\018_scaredformparentandchildversio.json,1,0
People tell me that I look nervous,C:\Users\tates\Downloads\pdf-questionnaire-extraction-main\pdf-questionnaire-extraction-main\data\preprocessed_tables\018_scaredformparentandchildversio.json,1,1
o,C:\Users\tates\Downloads\pdf-questionnaire-extraction-main\pdf-questionnaire-extraction-main\data\preprocessed_tables\018_scaredformparentandchildversio.json,1,0
o,C:\Users\tates\Downloads\pdf-questionnaire-extraction-main\pdf-questionnaire-extraction-main\data\preprocessed_tables\018_scaredformparentandchildversio.json,1,0
o,C:\Users\tates\Downloads\pdf-questionnaire-extraction-main\pdf-questionnaire-extraction-main\data\preprocessed_tables\018_scaredformparentandchildversio.json,1,0
10.   I feel nervous with people I don’t know well,C:\Users\tates\Downloads\pdf-questionnaire-extraction-main\pdf-questionnaire-extraction-main\data\preprocessed_tables\018_scaredformparentandchildversio.json,1,1
o,C:\Users\tates\Downloads\pdf-questionnaire-extraction-main\pdf-questionnaire-extraction-main\data\preprocessed_tables\018_scaredformparentandchildversio.json,1,0
o,C:\Users\tates\Downloads\pdf-questionnaire-extraction-main\pdf-questionnaire-extraction-main\data\preprocessed_tables\018_scaredformparentandchildversio.json,1,0
o,C:\Users\tates\Downloads\pdf-questionnaire-extraction-main\pdf-questionnaire-extraction-main\data\preprocessed_tables\018_scaredformparentandchildversio.json,1,0
11.   My I get stomachaches at school,C:\Users\tates\Downloads\pdf-questionnaire-extraction-main\pdf-questionnaire-extraction-main\data\preprocessed_tables\018_scaredformparentandchildversio.json,1,1
o,C:\Users\tates\Downloads\pdf-questionnaire-extraction-main\pdf-questionnaire-extraction-main\data\preprocessed_tables\018_scaredformparentandchildversio.json,1,0
o,C:\Users\tates\Downloads\pdf-questionnaire-extraction-main\pdf-questionnaire-extraction-main\data\preprocessed_tables\018_scaredformparentandchildversio.json,1,0
o,C:\Users\tates\Downloads\pdf-questionnaire-extraction-main\pdf-questionnaire-extraction-main\data\preprocessed_tables\018_scaredformparentandchildversio.json,1,0
"12.   When I get frightened, I feel like I am going crazy",C:\Users\tates\Downloads\pdf-questionnaire-extraction-main\pdf-questionnaire-extraction-main\data\preprocessed_tables\018_scaredformparentandchildversio.json,1,1
o,C:\Users\tates\Downloads\pdf-questionnaire-extraction-main\pdf-questionnaire-extraction-main\data\preprocessed_tables\018_scaredformparentandchildversio.json,1,0
o,C:\Users\tates\Downloads\pdf-questionnaire-extraction-main\pdf-questionnaire-extraction-main\data\preprocessed_tables\018_scaredformparentandchildversio.json,1,0
o,C:\Users\tates\Downloads\pdf-questionnaire-extraction-main\pdf-questionnaire-extraction-main\data\preprocessed_tables\018_scaredformparentandchildversio.json,1,0
13.   I worry about sleeping alone,C:\Users\tates\Downloads\pdf-questionnaire-extraction-main\pdf-questionnaire-extraction-main\data\preprocessed_tables\018_scaredformparentandchildversio.json,1,1
o,C:\Users\tates\Downloads\pdf-questionnaire-extraction-main\pdf-questionnaire-extraction-main\data\preprocessed_tables\018_scaredformparentandchildversio.json,1,0
o,C:\Users\tates\Downloads\pdf-questionnaire-extraction-main\pdf-questionnaire-extraction-main\data\preprocessed_tables\018_scaredformparentandchildversio.json,1,0
o,C:\Users\tates\Downloads\pdf-questionnaire-extraction-main\pdf-questionnaire-extraction-main\data\preprocessed_tables\018_scaredformparentandchildversio.json,1,0
14.   I worry about being as good as other kids,C:\Users\tates\Downloads\pdf-questionnaire-extraction-main\pdf-questionnaire-extraction-main\data\preprocessed_tables\018_scaredformparentandchildversio.json,1,1
o,C:\Users\tates\Downloads\pdf-questionnaire-extraction-main\pdf-questionnaire-extraction-main\data\preprocessed_tables\018_scaredformparentandchildversio.json,1,0
o,C:\Users\tates\Downloads\pdf-questionnaire-extraction-main\pdf-questionnaire-extraction-main\data\preprocessed_tables\018_scaredformparentandchildversio.json,1,0
o,C:\Users\tates\Downloads\pdf-questionnaire-extraction-main\pdf-questionnaire-extraction-main\data\preprocessed_tables\018_scaredformparentandchildversio.json,1,0
"15.   When I get frightened, I feel like things are not real",C:\Users\tates\Downloads\pdf-questionnaire-extraction-main\pdf-questionnaire-extraction-main\data\preprocessed_tables\018_scaredformparentandchildversio.json,1,1
o,C:\Users\tates\Downloads\pdf-questionnaire-extraction-main\pdf-questionnaire-extraction-main\data\preprocessed_tables\018_scaredformparentandchildversio.json,1,0
o,C:\Users\tates\Downloads\pdf-questionnaire-extraction-main\pdf-questionnaire-extraction-main\data\preprocessed_tables\018_scaredformparentandchildversio.json,1,0
o,C:\Users\tates\Downloads\pdf-questionnaire-extraction-main\pdf-questionnaire-extraction-main\data\preprocessed_tables\018_scaredformparentandchildversio.json,1,0
"I have nightmares about something bad happening to my par-
ents",C:\Users\tates\Downloads\pdf-questionnaire-extraction-main\pdf-questionnaire-extraction-main\data\preprocessed_tables\018_scaredformparentandchildversio.json,1,1
o,C:\Users\tates\Downloads\pdf-questionnaire-extraction-main\pdf-questionnaire-extraction-main\data\preprocessed_tables\018_scaredformparentandchildversio.json,1,0
o,C:\Users\tates\Downloads\pdf-questionnaire-extraction-main\pdf-questionnaire-extraction-main\data\preprocessed_tables\018_scaredformparentandchildversio.json,1,0
o,C:\Users\tates\Downloads\pdf-questionnaire-extraction-main\pdf-questionnaire-extraction-main\data\preprocessed_tables\018_scaredformparentandchildversio.json,1,0
17.   I worry about going to school,C:\Users\tates\Downloads\pdf-questionnaire-extraction-main\pdf-questionnaire-extraction-main\data\preprocessed_tables\018_scaredformparentandchildversio.json,1,1
o,C:\Users\tates\Downloads\pdf-questionnaire-extraction-main\pdf-questionnaire-extraction-main\data\preprocessed_tables\018_scaredformparentandchildversio.json,1,0
o,C:\Users\tates\Downloads\pdf-questionnaire-extraction-main\pdf-questionnaire-extraction-main\data\preprocessed_tables\018_scaredformparentandchildversio.json,1,0
o,C:\Users\tates\Downloads\pdf-questionnaire-extraction-main\pdf-questionnaire-extraction-main\data\preprocessed_tables\018_scaredformparentandchildversio.json,1,0
"18.   When I get frightened, my heart beats fast",C:\Users\tates\Downloads\pdf-questionnaire-extraction-main\pdf-questionnaire-extraction-main\data\preprocessed_tables\018_scaredformparentandchildversio.json,1,1
o,C:\Users\tates\Downloads\pdf-questionnaire-extraction-main\pdf-questionnaire-extraction-main\data\preprocessed_tables\018_scaredformparentandchildversio.json,1,0
o,C:\Users\tates\Downloads\pdf-questionnaire-extraction-main\pdf-questionnaire-extraction-main\data\preprocessed_tables\018_scaredformparentandchildversio.json,1,0
o,C:\Users\tates\Downloads\pdf-questionnaire-extraction-main\pdf-questionnaire-extraction-main\data\preprocessed_tables\018_scaredformparentandchildversio.json,1,0
19.   I get shaky,C:\Users\tates\Downloads\pdf-questionnaire-extraction-main\pdf-questionnaire-extraction-main\data\preprocessed_tables\018_scaredformparentandchildversio.json,1,1
o,C:\Users\tates\Downloads\pdf-questionnaire-extraction-main\pdf-questionnaire-extraction-main\data\preprocessed_tables\018_scaredformparentandchildversio.json,1,0
o,C:\Users\tates\Downloads\pdf-questionnaire-extraction-main\pdf-questionnaire-extraction-main\data\preprocessed_tables\018_scaredformparentandchildversio.json,1,0
o,C:\Users\tates\Downloads\pdf-questionnaire-extraction-main\pdf-questionnaire-extraction-main\data\preprocessed_tables\018_scaredformparentandchildversio.json,1,0
20.   I have nightmares about something bad happening to me,C:\Users\tates\Downloads\pdf-questionnaire-extraction-main\pdf-questionnaire-extraction-main\data\preprocessed_tables\018_scaredformparentandchildversio.json,1,1
o,C:\Users\tates\Downloads\pdf-questionnaire-extraction-main\pdf-questionnaire-extraction-main\data\preprocessed_tables\018_scaredformparentandchildversio.json,1,0
o,C:\Users\tates\Downloads\pdf-questionnaire-extraction-main\pdf-questionnaire-extraction-main\data\preprocessed_tables\018_scaredformparentandchildversio.json,1,0
o,C:\Users\tates\Downloads\pdf-questionnaire-extraction-main\pdf-questionnaire-extraction-main\data\preprocessed_tables\018_scaredformparentandchildversio.json,1,0
"0
Not True 
or Hardly 
Ever True",C:\Users\tates\Downloads\pdf-questionnaire-extraction-main\pdf-questionnaire-extraction-main\data\preprocessed_tables\018_scaredformparentandchildversio.json,2,0
"1
Somewhat 
True or 
Sometimes 
True",C:\Users\tates\Downloads\pdf-questionnaire-extraction-main\pdf-questionnaire-extraction-main\data\preprocessed_tables\018_scaredformparentandchildversio.json,2,0
"2
Very True 
or Often 
True",C:\Users\tates\Downloads\pdf-questionnaire-extraction-main\pdf-questionnaire-extraction-main\data\preprocessed_tables\018_scaredformparentandchildversio.json,2,0
21.   I worry about things working out for me,C:\Users\tates\Downloads\pdf-questionnaire-extraction-main\pdf-questionnaire-extraction-main\data\preprocessed_tables\018_scaredformparentandchildversio.json,2,1
o,C:\Users\tates\Downloads\pdf-questionnaire-extraction-main\pdf-questionnaire-extraction-main\data\preprocessed_tables\018_scaredformparentandchildversio.json,2,0
o,C:\Users\tates\Downloads\pdf-questionnaire-extraction-main\pdf-questionnaire-extraction-main\data\preprocessed_tables\018_scaredformparentandchildversio.json,2,0
o,C:\Users\tates\Downloads\pdf-questionnaire-extraction-main\pdf-questionnaire-extraction-main\data\preprocessed_tables\018_scaredformparentandchildversio.json,2,0
"22.   When I get frightened, I sweat a lot",C:\Users\tates\Downloads\pdf-questionnaire-extraction-main\pdf-questionnaire-extraction-main\data\preprocessed_tables\018_scaredformparentandchildversio.json,2,1
o,C:\Users\tates\Downloads\pdf-questionnaire-extraction-main\pdf-questionnaire-extraction-main\data\preprocessed_tables\018_scaredformparentandchildversio.json,2,0
o,C:\Users\tates\Downloads\pdf-questionnaire-extraction-main\pdf-questionnaire-extraction-main\data\preprocessed_tables\018_scaredformparentandchildversio.json,2,0
o,C:\Users\tates\Downloads\pdf-questionnaire-extraction-main\pdf-questionnaire-extraction-main\data\preprocessed_tables\018_scaredformparentandchildversio.json,2,0
23.   I am a worrier,C:\Users\tates\Downloads\pdf-questionnaire-extraction-main\pdf-questionnaire-extraction-main\data\preprocessed_tables\018_scaredformparentandchildversio.json,2,1
o,C:\Users\tates\Downloads\pdf-questionnaire-extraction-main\pdf-questionnaire-extraction-main\data\preprocessed_tables\018_scaredformparentandchildversio.json,2,0
o,C:\Users\tates\Downloads\pdf-questionnaire-extraction-main\pdf-questionnaire-extraction-main\data\preprocessed_tables\018_scaredformparentandchildversio.json,2,0
o,C:\Users\tates\Downloads\pdf-questionnaire-extraction-main\pdf-questionnaire-extraction-main\data\preprocessed_tables\018_scaredformparentandchildversio.json,2,0
24.   I get really frightened for no reason at all,C:\Users\tates\Downloads\pdf-questionnaire-extraction-main\pdf-questionnaire-extraction-main\data\preprocessed_tables\018_scaredformparentandchildversio.json,2,1
o,C:\Users\tates\Downloads\pdf-questionnaire-extraction-main\pdf-questionnaire-extraction-main\data\preprocessed_tables\018_scaredformparentandchildversio.json,2,0
o,C:\Users\tates\Downloads\pdf-questionnaire-extraction-main\pdf-questionnaire-extraction-main\data\preprocessed_tables\018_scaredformparentandchildversio.json,2,0
o,C:\Users\tates\Downloads\pdf-questionnaire-extraction-main\pdf-questionnaire-extraction-main\data\preprocessed_tables\018_scaredformparentandchildversio.json,2,0
25.   I am afraid to be alone in the house,C:\Users\tates\Downloads\pdf-questionnaire-extraction-main\pdf-questionnaire-extraction-main\data\preprocessed_tables\018_scaredformparentandchildversio.json,2,1
o,C:\Users\tates\Downloads\pdf-questionnaire-extraction-main\pdf-questionnaire-extraction-main\data\preprocessed_tables\018_scaredformparentandchildversio.json,2,0
o,C:\Users\tates\Downloads\pdf-questionnaire-extraction-main\pdf-questionnaire-extraction-main\data\preprocessed_tables\018_scaredformparentandchildversio.json,2,0
o,C:\Users\tates\Downloads\pdf-questionnaire-extraction-main\pdf-questionnaire-extraction-main\data\preprocessed_tables\018_scaredformparentandchildversio.json,2,0
26.   It is hard for me to talk with people I don’t know well,C:\Users\tates\Downloads\pdf-questionnaire-extraction-main\pdf-questionnaire-extraction-main\data\preprocessed_tables\018_scaredformparentandchildversio.json,2,1
o,C:\Users\tates\Downloads\pdf-questionnaire-extraction-main\pdf-questionnaire-extraction-main\data\preprocessed_tables\018_scaredformparentandchildversio.json,2,0
o,C:\Users\tates\Downloads\pdf-questionnaire-extraction-main\pdf-questionnaire-extraction-main\data\preprocessed_tables\018_scaredformparentandchildversio.json,2,0
o,C:\Users\tates\Downloads\pdf-questionnaire-extraction-main\pdf-questionnaire-extraction-main\data\preprocessed_tables\018_scaredformparentandchildversio.json,2,0
"27.   When I get frightened, I feel like I am choking",C:\Users\tates\Downloads\pdf-questionnaire-extraction-main\pdf-questionnaire-extraction-main\data\preprocessed_tables\018_scaredformparentandchildversio.json,2,1
o,C:\Users\tates\Downloads\pdf-questionnaire-extraction-main\pdf-questionnaire-extraction-main\data\preprocessed_tables\018_scaredformparentandchildversio.json,2,0
o,C:\Users\tates\Downloads\pdf-questionnaire-extraction-main\pdf-questionnaire-extraction-main\data\preprocessed_tables\018_scaredformparentandchildversio.json,2,0
o,C:\Users\tates\Downloads\pdf-questionnaire-extraction-main\pdf-questionnaire-extraction-main\data\preprocessed_tables\018_scaredformparentandchildversio.json,2,0
28.   People tell me that I worry too much,C:\Users\tates\Downloads\pdf-questionnaire-extraction-main\pdf-questionnaire-extraction-main\data\preprocessed_tables\018_scaredformparentandchildversio.json,2,1
o,C:\Users\tates\Downloads\pdf-questionnaire-extraction-main\pdf-questionnaire-extraction-main\data\preprocessed_tables\018_scaredformparentandchildversio.json,2,0
o,C:\Users\tates\Downloads\pdf-questionnaire-extraction-main\pdf-questionnaire-extraction-main\data\preprocessed_tables\018_scaredformparentandchildversio.json,2,0
o,C:\Users\tates\Downloads\pdf-questionnaire-extraction-main\pdf-questionnaire-extraction-main\data\preprocessed_tables\018_scaredformparentandchildversio.json,2,0
29.   I don’t like to be away from my family,C:\Users\tates\Downloads\pdf-questionnaire-extraction-main\pdf-questionnaire-extraction-main\data\preprocessed_tables\018_scaredformparentandchildversio.json,2,1
o,C:\Users\tates\Downloads\pdf-questionnaire-extraction-main\pdf-questionnaire-extraction-main\data\preprocessed_tables\018_scaredformparentandchildversio.json,2,0
o,C:\Users\tates\Downloads\pdf-questionnaire-extraction-main\pdf-questionnaire-extraction-main\data\preprocessed_tables\018_scaredformparentandchildversio.json,2,0
o,C:\Users\tates\Downloads\pdf-questionnaire-extraction-main\pdf-questionnaire-extraction-main\data\preprocessed_tables\018_scaredformparentandchildversio.json,2,0
30.   I am afraid of having anxiety (or panic) attacks,C:\Users\tates\Downloads\pdf-questionnaire-extraction-main\pdf-questionnaire-extraction-main\data\preprocessed_tables\018_scaredformparentandchildversio.json,2,1
o,C:\Users\tates\Downloads\pdf-questionnaire-extraction-main\pdf-questionnaire-extraction-main\data\preprocessed_tables\018_scaredformparentandchildversio.json,2,0
o,C:\Users\tates\Downloads\pdf-questionnaire-extraction-main\pdf-questionnaire-extraction-main\data\preprocessed_tables\018_scaredformparentandchildversio.json,2,0
o,C:\Users\tates\Downloads\pdf-questionnaire-extraction-main\pdf-questionnaire-extraction-main\data\preprocessed_tables\018_scaredformparentandchildversio.json,2,0
31.   I worry that something bad might happen to my parents,C:\Users\tates\Downloads\pdf-questionnaire-extraction-main\pdf-questionnaire-extraction-main\data\preprocessed_tables\018_scaredformparentandchildversio.json,2,1
o,C:\Users\tates\Downloads\pdf-questionnaire-extraction-main\pdf-questionnaire-extraction-main\data\preprocessed_tables\018_scaredformparentandchildversio.json,2,0
o,C:\Users\tates\Downloads\pdf-questionnaire-extraction-main\pdf-questionnaire-extraction-main\data\preprocessed_tables\018_scaredformparentandchildversio.json,2,0
o,C:\Users\tates\Downloads\pdf-questionnaire-extraction-main\pdf-questionnaire-extraction-main\data\preprocessed_tables\018_scaredformparentandchildversio.json,2,0
32.   I feel shy with people I don’t know well,C:\Users\tates\Downloads\pdf-questionnaire-extraction-main\pdf-questionnaire-extraction-main\data\preprocessed_tables\018_scaredformparentandchildversio.json,2,1
o,C:\Users\tates\Downloads\pdf-questionnaire-extraction-main\pdf-questionnaire-extraction-main\data\preprocessed_tables\018_scaredformparentandchildversio.json,2,0
o,C:\Users\tates\Downloads\pdf-questionnaire-extraction-main\pdf-questionnaire-extraction-main\data\preprocessed_tables\018_scaredformparentandchildversio.json,2,0
o,C:\Users\tates\Downloads\pdf-questionnaire-extraction-main\pdf-questionnaire-extraction-main\data\preprocessed_tables\018_scaredformparentandchildversio.json,2,0
33.   I worry about what is going to happen in the future,C:\Users\tates\Downloads\pdf-questionnaire-extraction-main\pdf-questionnaire-extraction-main\data\preprocessed_tables\018_scaredformparentandchildversio.json,2,1
o,C:\Users\tates\Downloads\pdf-questionnaire-extraction-main\pdf-questionnaire-extraction-main\data\preprocessed_tables\018_scaredformparentandchildversio.json,2,0
o,C:\Users\tates\Downloads\pdf-questionnaire-extraction-main\pdf-questionnaire-extraction-main\data\preprocessed_tables\018_scaredformparentandchildversio.json,2,0
o,C:\Users\tates\Downloads\pdf-questionnaire-extraction-main\pdf-questionnaire-extraction-main\data\preprocessed_tables\018_scaredformparentandchildversio.json,2,0
"34.   When I get frightened, I feel like throwing up",C:\Users\tates\Downloads\pdf-questionnaire-extraction-main\pdf-questionnaire-extraction-main\data\preprocessed_tables\018_scaredformparentandchildversio.json,2,1
o,C:\Users\tates\Downloads\pdf-questionnaire-extraction-main\pdf-questionnaire-extraction-main\data\preprocessed_tables\018_scaredformparentandchildversio.json,2,0
o,C:\Users\tates\Downloads\pdf-questionnaire-extraction-main\pdf-questionnaire-extraction-main\data\preprocessed_tables\018_scaredformparentandchildversio.json,2,0
o,C:\Users\tates\Downloads\pdf-questionnaire-extraction-main\pdf-questionnaire-extraction-main\data\preprocessed_tables\018_scaredformparentandchildversio.json,2,0
35.   I worry about how well I do things,C:\Users\tates\Downloads\pdf-questionnaire-extraction-main\pdf-questionnaire-extraction-main\data\preprocessed_tables\018_scaredformparentandchildversio.json,2,1
o,C:\Users\tates\Downloads\pdf-questionnaire-extraction-main\pdf-questionnaire-extraction-main\data\preprocessed_tables\018_scaredformparentandchildversio.json,2,0
o,C:\Users\tates\Downloads\pdf-questionnaire-extraction-main\pdf-questionnaire-extraction-main\data\preprocessed_tables\018_scaredformparentandchildversio.json,2,0
o,C:\Users\tates\Downloads\pdf-questionnaire-extraction-main\pdf-questionnaire-extraction-main\data\preprocessed_tables\018_scaredformparentandchildversio.json,2,0
36.   I am scared to go to school,C:\Users\tates\Downloads\pdf-questionnaire-extraction-main\pdf-questionnaire-extraction-main\data\preprocessed_tables\018_scaredformparentandchildversio.json,2,1
o,C:\Users\tates\Downloads\pdf-questionnaire-extraction-main\pdf-questionnaire-extraction-main\data\preprocessed_tables\018_scaredformparentandchildversio.json,2,0
o,C:\Users\tates\Downloads\pdf-questionnaire-extraction-main\pdf-questionnaire-extraction-main\data\preprocessed_tables\018_scaredformparentandchildversio.json,2,0
o,C:\Users\tates\Downloads\pdf-questionnaire-extraction-main\pdf-questionnaire-extraction-main\data\preprocessed_tables\018_scaredformparentandchildversio.json,2,0
37.   I worry about things that have already happened,C:\Users\tates\Downloads\pdf-questionnaire-extraction-main\pdf-questionnaire-extraction-main\data\preprocessed_tables\018_scaredformparentandchildversio.json,2,1
o,C:\Users\tates\Downloads\pdf-questionnaire-extraction-main\pdf-questionnaire-extraction-main\data\preprocessed_tables\018_scaredformparentandchildversio.json,2,0
o,C:\Users\tates\Downloads\pdf-questionnaire-extraction-main\pdf-questionnaire-extraction-main\data\preprocessed_tables\018_scaredformparentandchildversio.json,2,0
o,C:\Users\tates\Downloads\pdf-questionnaire-extraction-main\pdf-questionnaire-extraction-main\data\preprocessed_tables\018_scaredformparentandchildversio.json,2,0
"38.   When I get frightened, I feel dizzy",C:\Users\tates\Downloads\pdf-questionnaire-extraction-main\pdf-questionnaire-extraction-main\data\preprocessed_tables\018_scaredformparentandchildversio.json,2,1
o,C:\Users\tates\Downloads\pdf-questionnaire-extraction-main\pdf-questionnaire-extraction-main\data\preprocessed_tables\018_scaredformparentandchildversio.json,2,0
o,C:\Users\tates\Downloads\pdf-questionnaire-extraction-main\pdf-questionnaire-extraction-main\data\preprocessed_tables\018_scaredformparentandchildversio.json,2,0
o,C:\Users\tates\Downloads\pdf-questionnaire-extraction-main\pdf-questionnaire-extraction-main\data\preprocessed_tables\018_scaredformparentandchildversio.json,2,0
"I feel nervous when I am with other children or adults and I have 
to do something while they watch me (for example: read aloud, 
speak, play a game, play a sport)",C:\Users\tates\Downloads\pdf-questionnaire-extraction-main\pdf-questionnaire-extraction-main\data\preprocessed_tables\018_scaredformparentandchildversio.json,2,1
o,C:\Users\tates\Downloads\pdf-questionnaire-extraction-main\pdf-questionnaire-extraction-main\data\preprocessed_tables\018_scaredformparentandchildversio.json,2,0
o,C:\Users\tates\Downloads\pdf-questionnaire-extraction-main\pdf-questionnaire-extraction-main\data\preprocessed_tables\018_scaredformparentandchildversio.json,2,0
o,C:\Users\tates\Downloads\pdf-questionnaire-extraction-main\pdf-questionnaire-extraction-main\data\preprocessed_tables\018_scaredformparentandchildversio.json,2,0
"I feel nervous when I am going to parties, dances, or any place 
where there will be people that I don’t know well",C:\Users\tates\Downloads\pdf-questionnaire-extraction-main\pdf-questionnaire-extraction-main\data\preprocessed_tables\018_scaredformparentandchildversio.json,2,1
o,C:\Users\tates\Downloads\pdf-questionnaire-extraction-main\pdf-questionnaire-extraction-main\data\preprocessed_tables\018_scaredformparentandchildversio.json,2,0
o,C:\Users\tates\Downloads\pdf-questionnaire-extraction-main\pdf-questionnaire-extraction-main\data\preprocessed_tables\018_scaredformparentandchildversio.json,2,0
o,C:\Users\tates\Downloads\pdf-questionnaire-extraction-main\pdf-questionnaire-extraction-main\data\preprocessed_tables\018_scaredformparentandchildversio.json,2,0
41.   I am shy,C:\Users\tates\Downloads\pdf-questionnaire-extraction-main\pdf-questionnaire-extraction-main\data\preprocessed_tables\018_scaredformparentandchildversio.json,2,1
o,C:\Users\tates\Downloads\pdf-questionnaire-extraction-main\pdf-questionnaire-extraction-main\data\preprocessed_tables\018_scaredformparentandchildversio.json,2,0
o,C:\Users\tates\Downloads\pdf-questionnaire-extraction-main\pdf-questionnaire-extraction-main\data\preprocessed_tables\018_scaredformparentandchildversio.json,2,0
o,C:\Users\tates\Downloads\pdf-questionnaire-extraction-main\pdf-questionnaire-extraction-main\data\preprocessed_tables\018_scaredformparentandchildversio.json,2,0
"Name: ______________________Date: __________________________
Directions:
Below is a list of statements that describe how people feel. Read each statement carefully and 
decide if it is “Not True or Hardly Ever True” or “Somewhat True or Sometimes True” or “Very 
True or Often True” for your child.  Then for each statement, fill in one circle that corresponds 
to the response that seems to describe your child for the last 3 months.  Please respond to all 
statements as well as you can, even if some do not seem to concern your child.",C:\Users\tates\Downloads\pdf-questionnaire-extraction-main\pdf-questionnaire-extraction-main\data\preprocessed_tables\018_scaredformparentandchildversio.json,3,0
"0
Not True 
or Hardly 
Ever True",C:\Users\tates\Downloads\pdf-questionnaire-extraction-main\pdf-questionnaire-extraction-main\data\preprocessed_tables\018_scaredformparentandchildversio.json,3,0
"1
Somewhat 
True or 
Sometimes 
True",C:\Users\tates\Downloads\pdf-questionnaire-extraction-main\pdf-questionnaire-extraction-main\data\preprocessed_tables\018_scaredformparentandchildversio.json,3,0
"2
Very True 
or Often 
True",C:\Users\tates\Downloads\pdf-questionnaire-extraction-main\pdf-questionnaire-extraction-main\data\preprocessed_tables\018_scaredformparentandchildversio.json,3,0
"When my child feels frightened, it is hard for him/her to breathe",C:\Users\tates\Downloads\pdf-questionnaire-extraction-main\pdf-questionnaire-extraction-main\data\preprocessed_tables\018_scaredformparentandchildversio.json,3,1
o,C:\Users\tates\Downloads\pdf-questionnaire-extraction-main\pdf-questionnaire-extraction-main\data\preprocessed_tables\018_scaredformparentandchildversio.json,3,0
o,C:\Users\tates\Downloads\pdf-questionnaire-extraction-main\pdf-questionnaire-extraction-main\data\preprocessed_tables\018_scaredformparentandchildversio.json,3,0
o,C:\Users\tates\Downloads\pdf-questionnaire-extraction-main\pdf-questionnaire-extraction-main\data\preprocessed_tables\018_scaredformparentandchildversio.json,3,0
My child gets headaches when he/she is at school,C:\Users\tates\Downloads\pdf-questionnaire-extraction-main\pdf-questionnaire-extraction-main\data\preprocessed_tables\018_scaredformparentandchildversio.json,3,1
o,C:\Users\tates\Downloads\pdf-questionnaire-extraction-main\pdf-questionnaire-extraction-main\data\preprocessed_tables\018_scaredformparentandchildversio.json,3,0
o,C:\Users\tates\Downloads\pdf-questionnaire-extraction-main\pdf-questionnaire-extraction-main\data\preprocessed_tables\018_scaredformparentandchildversio.json,3,0
o,C:\Users\tates\Downloads\pdf-questionnaire-extraction-main\pdf-questionnaire-extraction-main\data\preprocessed_tables\018_scaredformparentandchildversio.json,3,0
My child doesn’t like to be with people he/she doesn’t know well,C:\Users\tates\Downloads\pdf-questionnaire-extraction-main\pdf-questionnaire-extraction-main\data\preprocessed_tables\018_scaredformparentandchildversio.json,3,
o,C:\Users\tates\Downloads\pdf-questionnaire-extraction-main\pdf-questionnaire-extraction-main\data\preprocessed_tables\018_scaredformparentandchildversio.json,3,0
o,C:\Users\tates\Downloads\pdf-questionnaire-extraction-main\pdf-questionnaire-extraction-main\data\preprocessed_tables\018_scaredformparentandchildversio.json,3,0
o,C:\Users\tates\Downloads\pdf-questionnaire-extraction-main\pdf-questionnaire-extraction-main\data\preprocessed_tables\018_scaredformparentandchildversio.json,3,0
My child gets scared if he/she sleeps away from home,C:\Users\tates\Downloads\pdf-questionnaire-extraction-main\pdf-questionnaire-extraction-main\data\preprocessed_tables\018_scaredformparentandchildversio.json,3,1
o,C:\Users\tates\Downloads\pdf-questionnaire-extraction-main\pdf-questionnaire-extraction-main\data\preprocessed_tables\018_scaredformparentandchildversio.json,3,0
o,C:\Users\tates\Downloads\pdf-questionnaire-extraction-main\pdf-questionnaire-extraction-main\data\preprocessed_tables\018_scaredformparentandchildversio.json,3,0
o,C:\Users\tates\Downloads\pdf-questionnaire-extraction-main\pdf-questionnaire-extraction-main\data\preprocessed_tables\018_scaredformparentandchildversio.json,3,0
My child worries about other people liking him/her,C:\Users\tates\Downloads\pdf-questionnaire-extraction-main\pdf-questionnaire-extraction-main\data\preprocessed_tables\018_scaredformparentandchildversio.json,3,1
o,C:\Users\tates\Downloads\pdf-questionnaire-extraction-main\pdf-questionnaire-extraction-main\data\preprocessed_tables\018_scaredformparentandchildversio.json,3,0
o,C:\Users\tates\Downloads\pdf-questionnaire-extraction-main\pdf-questionnaire-extraction-main\data\preprocessed_tables\018_scaredformparentandchildversio.json,3,0
o,C:\Users\tates\Downloads\pdf-questionnaire-extraction-main\pdf-questionnaire-extraction-main\data\preprocessed_tables\018_scaredformparentandchildversio.json,3,0
"When my child gets frightened, he/she feels like passing out",C:\Users\tates\Downloads\pdf-questionnaire-extraction-main\pdf-questionnaire-extraction-main\data\preprocessed_tables\018_scaredformparentandchildversio.json,3,1
o,C:\Users\tates\Downloads\pdf-questionnaire-extraction-main\pdf-questionnaire-extraction-main\data\preprocessed_tables\018_scaredformparentandchildversio.json,3,0
o,C:\Users\tates\Downloads\pdf-questionnaire-extraction-main\pdf-questionnaire-extraction-main\data\preprocessed_tables\018_scaredformparentandchildversio.json,3,0
o,C:\Users\tates\Downloads\pdf-questionnaire-extraction-main\pdf-questionnaire-extraction-main\data\preprocessed_tables\018_scaredformparentandchildversio.json,3,0
My child is nervous,C:\Users\tates\Downloads\pdf-questionnaire-extraction-main\pdf-questionnaire-extraction-main\data\preprocessed_tables\018_scaredformparentandchildversio.json,3,1
o,C:\Users\tates\Downloads\pdf-questionnaire-extraction-main\pdf-questionnaire-extraction-main\data\preprocessed_tables\018_scaredformparentandchildversio.json,3,0
o,C:\Users\tates\Downloads\pdf-questionnaire-extraction-main\pdf-questionnaire-extraction-main\data\preprocessed_tables\018_scaredformparentandchildversio.json,3,0
o,C:\Users\tates\Downloads\pdf-questionnaire-extraction-main\pdf-questionnaire-extraction-main\data\preprocessed_tables\018_scaredformparentandchildversio.json,3,0
My child follows me wherever I go,C:\Users\tates\Downloads\pdf-questionnaire-extraction-main\pdf-questionnaire-extraction-main\data\preprocessed_tables\018_scaredformparentandchildversio.json,3,1
o,C:\Users\tates\Downloads\pdf-questionnaire-extraction-main\pdf-questionnaire-extraction-main\data\preprocessed_tables\018_scaredformparentandchildversio.json,3,0
o,C:\Users\tates\Downloads\pdf-questionnaire-extraction-main\pdf-questionnaire-extraction-main\data\preprocessed_tables\018_scaredformparentandchildversio.json,3,0
o,C:\Users\tates\Downloads\pdf-questionnaire-extraction-main\pdf-questionnaire-extraction-main\data\preprocessed_tables\018_scaredformparentandchildversio.json,3,0
People tell me that my child looks nervous,C:\Users\tates\Downloads\pdf-questionnaire-extraction-main\pdf-questionnaire-extraction-main\data\preprocessed_tables\018_scaredformparentandchildversio.json,3,1
o,C:\Users\tates\Downloads\pdf-questionnaire-extraction-main\pdf-questionnaire-extraction-main\data\preprocessed_tables\018_scaredformparentandchildversio.json,3,0
o,C:\Users\tates\Downloads\pdf-questionnaire-extraction-main\pdf-questionnaire-extraction-main\data\preprocessed_tables\018_scaredformparentandchildversio.json,3,0
o,C:\Users\tates\Downloads\pdf-questionnaire-extraction-main\pdf-questionnaire-extraction-main\data\preprocessed_tables\018_scaredformparentandchildversio.json,3,0
My child feels nervous with people he/she doesn’t know well,C:\Users\tates\Downloads\pdf-questionnaire-extraction-main\pdf-questionnaire-extraction-main\data\preprocessed_tables\018_scaredformparentandchildversio.json,3,1
o,C:\Users\tates\Downloads\pdf-questionnaire-extraction-main\pdf-questionnaire-extraction-main\data\preprocessed_tables\018_scaredformparentandchildversio.json,3,0
o,C:\Users\tates\Downloads\pdf-questionnaire-extraction-main\pdf-questionnaire-extraction-main\data\preprocessed_tables\018_scaredformparentandchildversio.json,3,0
o,C:\Users\tates\Downloads\pdf-questionnaire-extraction-main\pdf-questionnaire-extraction-main\data\preprocessed_tables\018_scaredformparentandchildversio.json,3,0
My child gets stomachaches at school,C:\Users\tates\Downloads\pdf-questionnaire-extraction-main\pdf-questionnaire-extraction-main\data\preprocessed_tables\018_scaredformparentandchildversio.json,3,1
o,C:\Users\tates\Downloads\pdf-questionnaire-extraction-main\pdf-questionnaire-extraction-main\data\preprocessed_tables\018_scaredformparentandchildversio.json,3,0
o,C:\Users\tates\Downloads\pdf-questionnaire-extraction-main\pdf-questionnaire-extraction-main\data\preprocessed_tables\018_scaredformparentandchildversio.json,3,0
o,C:\Users\tates\Downloads\pdf-questionnaire-extraction-main\pdf-questionnaire-extraction-main\data\preprocessed_tables\018_scaredformparentandchildversio.json,3,0
"When my child gets frightened, he/she feels like he/she is going 
crazy",C:\Users\tates\Downloads\pdf-questionnaire-extraction-main\pdf-questionnaire-extraction-main\data\preprocessed_tables\018_scaredformparentandchildversio.json,3,1
o,C:\Users\tates\Downloads\pdf-questionnaire-extraction-main\pdf-questionnaire-extraction-main\data\preprocessed_tables\018_scaredformparentandchildversio.json,3,0
o,C:\Users\tates\Downloads\pdf-questionnaire-extraction-main\pdf-questionnaire-extraction-main\data\preprocessed_tables\018_scaredformparentandchildversio.json,3,0
o,C:\Users\tates\Downloads\pdf-questionnaire-extraction-main\pdf-questionnaire-extraction-main\data\preprocessed_tables\018_scaredformparentandchildversio.json,3,0
My child worries about sleeping alone,C:\Users\tates\Downloads\pdf-questionnaire-extraction-main\pdf-questionnaire-extraction-main\data\preprocessed_tables\018_scaredformparentandchildversio.json,3,1
o,C:\Users\tates\Downloads\pdf-questionnaire-extraction-main\pdf-questionnaire-extraction-main\data\preprocessed_tables\018_scaredformparentandchildversio.json,3,0
o,C:\Users\tates\Downloads\pdf-questionnaire-extraction-main\pdf-questionnaire-extraction-main\data\preprocessed_tables\018_scaredformparentandchildversio.json,3,0
o,C:\Users\tates\Downloads\pdf-questionnaire-extraction-main\pdf-questionnaire-extraction-main\data\preprocessed_tables\018_scaredformparentandchildversio.json,3,0
My child worries about being as good as other kids,C:\Users\tates\Downloads\pdf-questionnaire-extraction-main\pdf-questionnaire-extraction-main\data\preprocessed_tables\018_scaredformparentandchildversio.json,3,1
o,C:\Users\tates\Downloads\pdf-questionnaire-extraction-main\pdf-questionnaire-extraction-main\data\preprocessed_tables\018_scaredformparentandchildversio.json,3,0
o,C:\Users\tates\Downloads\pdf-questionnaire-extraction-main\pdf-questionnaire-extraction-main\data\preprocessed_tables\018_scaredformparentandchildversio.json,3,0
o,C:\Users\tates\Downloads\pdf-questionnaire-extraction-main\pdf-questionnaire-extraction-main\data\preprocessed_tables\018_scaredformparentandchildversio.json,3,0
"When he/she gets frightened, he/she feels like things are not real",C:\Users\tates\Downloads\pdf-questionnaire-extraction-main\pdf-questionnaire-extraction-main\data\preprocessed_tables\018_scaredformparentandchildversio.json,3,1
o,C:\Users\tates\Downloads\pdf-questionnaire-extraction-main\pdf-questionnaire-extraction-main\data\preprocessed_tables\018_scaredformparentandchildversio.json,3,0
o,C:\Users\tates\Downloads\pdf-questionnaire-extraction-main\pdf-questionnaire-extraction-main\data\preprocessed_tables\018_scaredformparentandchildversio.json,3,0
o,C:\Users\tates\Downloads\pdf-questionnaire-extraction-main\pdf-questionnaire-extraction-main\data\preprocessed_tables\018_scaredformparentandchildversio.json,3,0
"My child has nightmares about something bad happening to his/her  
parents",C:\Users\tates\Downloads\pdf-questionnaire-extraction-main\pdf-questionnaire-extraction-main\data\preprocessed_tables\018_scaredformparentandchildversio.json,3,1
o,C:\Users\tates\Downloads\pdf-questionnaire-extraction-main\pdf-questionnaire-extraction-main\data\preprocessed_tables\018_scaredformparentandchildversio.json,3,0
o,C:\Users\tates\Downloads\pdf-questionnaire-extraction-main\pdf-questionnaire-extraction-main\data\preprocessed_tables\018_scaredformparentandchildversio.json,3,0
o,C:\Users\tates\Downloads\pdf-questionnaire-extraction-main\pdf-questionnaire-extraction-main\data\preprocessed_tables\018_scaredformparentandchildversio.json,3,0
My child worries about going to school,C:\Users\tates\Downloads\pdf-questionnaire-extraction-main\pdf-questionnaire-extraction-main\data\preprocessed_tables\018_scaredformparentandchildversio.json,3,1
o,C:\Users\tates\Downloads\pdf-questionnaire-extraction-main\pdf-questionnaire-extraction-main\data\preprocessed_tables\018_scaredformparentandchildversio.json,3,0
o,C:\Users\tates\Downloads\pdf-questionnaire-extraction-main\pdf-questionnaire-extraction-main\data\preprocessed_tables\018_scaredformparentandchildversio.json,3,0
o,C:\Users\tates\Downloads\pdf-questionnaire-extraction-main\pdf-questionnaire-extraction-main\data\preprocessed_tables\018_scaredformparentandchildversio.json,3,0
"When my child gets frightened, his/her heart beats fast",C:\Users\tates\Downloads\pdf-questionnaire-extraction-main\pdf-questionnaire-extraction-main\data\preprocessed_tables\018_scaredformparentandchildversio.json,3,1
o,C:\Users\tates\Downloads\pdf-questionnaire-extraction-main\pdf-questionnaire-extraction-main\data\preprocessed_tables\018_scaredformparentandchildversio.json,3,0
o,C:\Users\tates\Downloads\pdf-questionnaire-extraction-main\pdf-questionnaire-extraction-main\data\preprocessed_tables\018_scaredformparentandchildversio.json,3,0
o,C:\Users\tates\Downloads\pdf-questionnaire-extraction-main\pdf-questionnaire-extraction-main\data\preprocessed_tables\018_scaredformparentandchildversio.json,3,0
He/she gets shaky,C:\Users\tates\Downloads\pdf-questionnaire-extraction-main\pdf-questionnaire-extraction-main\data\preprocessed_tables\018_scaredformparentandchildversio.json,3,1
o,C:\Users\tates\Downloads\pdf-questionnaire-extraction-main\pdf-questionnaire-extraction-main\data\preprocessed_tables\018_scaredformparentandchildversio.json,3,0
o,C:\Users\tates\Downloads\pdf-questionnaire-extraction-main\pdf-questionnaire-extraction-main\data\preprocessed_tables\018_scaredformparentandchildversio.json,3,0
o,C:\Users\tates\Downloads\pdf-questionnaire-extraction-main\pdf-questionnaire-extraction-main\data\preprocessed_tables\018_scaredformparentandchildversio.json,3,0
My child has nightmares about something bad happening to him/her,C:\Users\tates\Downloads\pdf-questionnaire-extraction-main\pdf-questionnaire-extraction-main\data\preprocessed_tables\018_scaredformparentandchildversio.json,3,1
o,C:\Users\tates\Downloads\pdf-questionnaire-extraction-main\pdf-questionnaire-extraction-main\data\preprocessed_tables\018_scaredformparentandchildversio.json,3,0
o,C:\Users\tates\Downloads\pdf-questionnaire-extraction-main\pdf-questionnaire-extraction-main\data\preprocessed_tables\018_scaredformparentandchildversio.json,3,0
o,C:\Users\tates\Downloads\pdf-questionnaire-extraction-main\pdf-questionnaire-extraction-main\data\preprocessed_tables\018_scaredformparentandchildversio.json,3,0
"0
Not True 
or Hardly 
Ever True",C:\Users\tates\Downloads\pdf-questionnaire-extraction-main\pdf-questionnaire-extraction-main\data\preprocessed_tables\018_scaredformparentandchildversio.json,4,0
"1
Somewhat 
True or 
Sometimes 
True",C:\Users\tates\Downloads\pdf-questionnaire-extraction-main\pdf-questionnaire-extraction-main\data\preprocessed_tables\018_scaredformparentandchildversio.json,4,0
"2
Very True 
or Often 
True",C:\Users\tates\Downloads\pdf-questionnaire-extraction-main\pdf-questionnaire-extraction-main\data\preprocessed_tables\018_scaredformparentandchildversio.json,4,0
21.   My child worries about things working out for him/her,C:\Users\tates\Downloads\pdf-questionnaire-extraction-main\pdf-questionnaire-extraction-main\data\preprocessed_tables\018_scaredformparentandchildversio.json,4,1
o,C:\Users\tates\Downloads\pdf-questionnaire-extraction-main\pdf-questionnaire-extraction-main\data\preprocessed_tables\018_scaredformparentandchildversio.json,4,0
o,C:\Users\tates\Downloads\pdf-questionnaire-extraction-main\pdf-questionnaire-extraction-main\data\preprocessed_tables\018_scaredformparentandchildversio.json,4,0
o,C:\Users\tates\Downloads\pdf-questionnaire-extraction-main\pdf-questionnaire-extraction-main\data\preprocessed_tables\018_scaredformparentandchildversio.json,4,0
"22.   When my child gets frightened, he/she sweats a lot",C:\Users\tates\Downloads\pdf-questionnaire-extraction-main\pdf-questionnaire-extraction-main\data\preprocessed_tables\018_scaredformparentandchildversio.json,4,1
o,C:\Users\tates\Downloads\pdf-questionnaire-extraction-main\pdf-questionnaire-extraction-main\data\preprocessed_tables\018_scaredformparentandchildversio.json,4,0
o,C:\Users\tates\Downloads\pdf-questionnaire-extraction-main\pdf-questionnaire-extraction-main\data\preprocessed_tables\018_scaredformparentandchildversio.json,4,0
o,C:\Users\tates\Downloads\pdf-questionnaire-extraction-main\pdf-questionnaire-extraction-main\data\preprocessed_tables\018_scaredformparentandchildversio.json,4,0
23.   My child is a worrier,C:\Users\tates\Downloads\pdf-questionnaire-extraction-main\pdf-questionnaire-extraction-main\data\preprocessed_tables\018_scaredformparentandchildversio.json,4,1
o,C:\Users\tates\Downloads\pdf-questionnaire-extraction-main\pdf-questionnaire-extraction-main\data\preprocessed_tables\018_scaredformparentandchildversio.json,4,0
o,C:\Users\tates\Downloads\pdf-questionnaire-extraction-main\pdf-questionnaire-extraction-main\data\preprocessed_tables\018_scaredformparentandchildversio.json,4,0
o,C:\Users\tates\Downloads\pdf-questionnaire-extraction-main\pdf-questionnaire-extraction-main\data\preprocessed_tables\018_scaredformparentandchildversio.json,4,0
24.   My child gets really frightened for no reason at all,C:\Users\tates\Downloads\pdf-questionnaire-extraction-main\pdf-questionnaire-extraction-main\data\preprocessed_tables\018_scaredformparentandchildversio.json,4,1
o,C:\Users\tates\Downloads\pdf-questionnaire-extraction-main\pdf-questionnaire-extraction-main\data\preprocessed_tables\018_scaredformparentandchildversio.json,4,0
o,C:\Users\tates\Downloads\pdf-questionnaire-extraction-main\pdf-questionnaire-extraction-main\data\preprocessed_tables\018_scaredformparentandchildversio.json,4,0
o,C:\Users\tates\Downloads\pdf-questionnaire-extraction-main\pdf-questionnaire-extraction-main\data\preprocessed_tables\018_scaredformparentandchildversio.json,4,0
25.   My child is afraid to be alone in the house,C:\Users\tates\Downloads\pdf-questionnaire-extraction-main\pdf-questionnaire-extraction-main\data\preprocessed_tables\018_scaredformparentandchildversio.json,4,1
o,C:\Users\tates\Downloads\pdf-questionnaire-extraction-main\pdf-questionnaire-extraction-main\data\preprocessed_tables\018_scaredformparentandchildversio.json,4,0
o,C:\Users\tates\Downloads\pdf-questionnaire-extraction-main\pdf-questionnaire-extraction-main\data\preprocessed_tables\018_scaredformparentandchildversio.json,4,0
o,C:\Users\tates\Downloads\pdf-questionnaire-extraction-main\pdf-questionnaire-extraction-main\data\preprocessed_tables\018_scaredformparentandchildversio.json,4,0
26.   It is hard for my child to talk with people he/she doesn’t know well,C:\Users\tates\Downloads\pdf-questionnaire-extraction-main\pdf-questionnaire-extraction-main\data\preprocessed_tables\018_scaredformparentandchildversio.json,4,1
o,C:\Users\tates\Downloads\pdf-questionnaire-extraction-main\pdf-questionnaire-extraction-main\data\preprocessed_tables\018_scaredformparentandchildversio.json,4,0
o,C:\Users\tates\Downloads\pdf-questionnaire-extraction-main\pdf-questionnaire-extraction-main\data\preprocessed_tables\018_scaredformparentandchildversio.json,4,0
o,C:\Users\tates\Downloads\pdf-questionnaire-extraction-main\pdf-questionnaire-extraction-main\data\preprocessed_tables\018_scaredformparentandchildversio.json,4,0
"27.   When my child gets frightened, he/she feels like he/she is choking",C:\Users\tates\Downloads\pdf-questionnaire-extraction-main\pdf-questionnaire-extraction-main\data\preprocessed_tables\018_scaredformparentandchildversio.json,4,1
o,C:\Users\tates\Downloads\pdf-questionnaire-extraction-main\pdf-questionnaire-extraction-main\data\preprocessed_tables\018_scaredformparentandchildversio.json,4,0
o,C:\Users\tates\Downloads\pdf-questionnaire-extraction-main\pdf-questionnaire-extraction-main\data\preprocessed_tables\018_scaredformparentandchildversio.json,4,0
o,C:\Users\tates\Downloads\pdf-questionnaire-extraction-main\pdf-questionnaire-extraction-main\data\preprocessed_tables\018_scaredformparentandchildversio.json,4,0
28.   People tell me that my child worries too much,C:\Users\tates\Downloads\pdf-questionnaire-extraction-main\pdf-questionnaire-extraction-main\data\preprocessed_tables\018_scaredformparentandchildversio.json,4,1
o,C:\Users\tates\Downloads\pdf-questionnaire-extraction-main\pdf-questionnaire-extraction-main\data\preprocessed_tables\018_scaredformparentandchildversio.json,4,0
o,C:\Users\tates\Downloads\pdf-questionnaire-extraction-main\pdf-questionnaire-extraction-main\data\preprocessed_tables\018_scaredformparentandchildversio.json,4,0
o,C:\Users\tates\Downloads\pdf-questionnaire-extraction-main\pdf-questionnaire-extraction-main\data\preprocessed_tables\018_scaredformparentandchildversio.json,4,0
29.   My child doesn’t like to be away from his/her family,C:\Users\tates\Downloads\pdf-questionnaire-extraction-main\pdf-questionnaire-extraction-main\data\preprocessed_tables\018_scaredformparentandchildversio.json,4,1
o,C:\Users\tates\Downloads\pdf-questionnaire-extraction-main\pdf-questionnaire-extraction-main\data\preprocessed_tables\018_scaredformparentandchildversio.json,4,0
o,C:\Users\tates\Downloads\pdf-questionnaire-extraction-main\pdf-questionnaire-extraction-main\data\preprocessed_tables\018_scaredformparentandchildversio.json,4,0
o,C:\Users\tates\Downloads\pdf-questionnaire-extraction-main\pdf-questionnaire-extraction-main\data\preprocessed_tables\018_scaredformparentandchildversio.json,4,0
30.   My child is afraid of having anxiety (or panic) attacks,C:\Users\tates\Downloads\pdf-questionnaire-extraction-main\pdf-questionnaire-extraction-main\data\preprocessed_tables\018_scaredformparentandchildversio.json,4,1
o,C:\Users\tates\Downloads\pdf-questionnaire-extraction-main\pdf-questionnaire-extraction-main\data\preprocessed_tables\018_scaredformparentandchildversio.json,4,0
o,C:\Users\tates\Downloads\pdf-questionnaire-extraction-main\pdf-questionnaire-extraction-main\data\preprocessed_tables\018_scaredformparentandchildversio.json,4,0
o,C:\Users\tates\Downloads\pdf-questionnaire-extraction-main\pdf-questionnaire-extraction-main\data\preprocessed_tables\018_scaredformparentandchildversio.json,4,0
"My child worries that something bad might happen to his/her 
parents",C:\Users\tates\Downloads\pdf-questionnaire-extraction-main\pdf-questionnaire-extraction-main\data\preprocessed_tables\018_scaredformparentandchildversio.json,4,1
o,C:\Users\tates\Downloads\pdf-questionnaire-extraction-main\pdf-questionnaire-extraction-main\data\preprocessed_tables\018_scaredformparentandchildversio.json,4,0
o,C:\Users\tates\Downloads\pdf-questionnaire-extraction-main\pdf-questionnaire-extraction-main\data\preprocessed_tables\018_scaredformparentandchildversio.json,4,0
o,C:\Users\tates\Downloads\pdf-questionnaire-extraction-main\pdf-questionnaire-extraction-main\data\preprocessed_tables\018_scaredformparentandchildversio.json,4,0
32.   My child feels shy with people he/she doesn’t know well,C:\Users\tates\Downloads\pdf-questionnaire-extraction-main\pdf-questionnaire-extraction-main\data\preprocessed_tables\018_scaredformparentandchildversio.json,4,1
o,C:\Users\tates\Downloads\pdf-questionnaire-extraction-main\pdf-questionnaire-extraction-main\data\preprocessed_tables\018_scaredformparentandchildversio.json,4,0
o,C:\Users\tates\Downloads\pdf-questionnaire-extraction-main\pdf-questionnaire-extraction-main\data\preprocessed_tables\018_scaredformparentandchildversio.json,4,0
o,C:\Users\tates\Downloads\pdf-questionnaire-extraction-main\pdf-questionnaire-extraction-main\data\preprocessed_tables\018_scaredformparentandchildversio.json,4,0
33.   My child worries about what is going to happen in the future,C:\Users\tates\Downloads\pdf-questionnaire-extraction-main\pdf-questionnaire-extraction-main\data\preprocessed_tables\018_scaredformparentandchildversio.json,4,1
o,C:\Users\tates\Downloads\pdf-questionnaire-extraction-main\pdf-questionnaire-extraction-main\data\preprocessed_tables\018_scaredformparentandchildversio.json,4,0
o,C:\Users\tates\Downloads\pdf-questionnaire-extraction-main\pdf-questionnaire-extraction-main\data\preprocessed_tables\018_scaredformparentandchildversio.json,4,0
o,C:\Users\tates\Downloads\pdf-questionnaire-extraction-main\pdf-questionnaire-extraction-main\data\preprocessed_tables\018_scaredformparentandchildversio.json,4,0
"34.   When my child gets frightened, he/she feels like throwing up",C:\Users\tates\Downloads\pdf-questionnaire-extraction-main\pdf-questionnaire-extraction-main\data\preprocessed_tables\018_scaredformparentandchildversio.json,4,1
o,C:\Users\tates\Downloads\pdf-questionnaire-extraction-main\pdf-questionnaire-extraction-main\data\preprocessed_tables\018_scaredformparentandchildversio.json,4,0
o,C:\Users\tates\Downloads\pdf-questionnaire-extraction-main\pdf-questionnaire-extraction-main\data\preprocessed_tables\018_scaredformparentandchildversio.json,4,0
o,C:\Users\tates\Downloads\pdf-questionnaire-extraction-main\pdf-questionnaire-extraction-main\data\preprocessed_tables\018_scaredformparentandchildversio.json,4,0
35.   My child worries about how well he/she does things,C:\Users\tates\Downloads\pdf-questionnaire-extraction-main\pdf-questionnaire-extraction-main\data\preprocessed_tables\018_scaredformparentandchildversio.json,4,1
o,C:\Users\tates\Downloads\pdf-questionnaire-extraction-main\pdf-questionnaire-extraction-main\data\preprocessed_tables\018_scaredformparentandchildversio.json,4,0
o,C:\Users\tates\Downloads\pdf-questionnaire-extraction-main\pdf-questionnaire-extraction-main\data\preprocessed_tables\018_scaredformparentandchildversio.json,4,0
o,C:\Users\tates\Downloads\pdf-questionnaire-extraction-main\pdf-questionnaire-extraction-main\data\preprocessed_tables\018_scaredformparentandchildversio.json,4,0
36.   My child is scared to go to school,C:\Users\tates\Downloads\pdf-questionnaire-extraction-main\pdf-questionnaire-extraction-main\data\preprocessed_tables\018_scaredformparentandchildversio.json,4,1
o,C:\Users\tates\Downloads\pdf-questionnaire-extraction-main\pdf-questionnaire-extraction-main\data\preprocessed_tables\018_scaredformparentandchildversio.json,4,0
o,C:\Users\tates\Downloads\pdf-questionnaire-extraction-main\pdf-questionnaire-extraction-main\data\preprocessed_tables\018_scaredformparentandchildversio.json,4,0
o,C:\Users\tates\Downloads\pdf-questionnaire-extraction-main\pdf-questionnaire-extraction-main\data\preprocessed_tables\018_scaredformparentandchildversio.json,4,0
37.   My child worries about things that have already happened,C:\Users\tates\Downloads\pdf-questionnaire-extraction-main\pdf-questionnaire-extraction-main\data\preprocessed_tables\018_scaredformparentandchildversio.json,4,1
o,C:\Users\tates\Downloads\pdf-questionnaire-extraction-main\pdf-questionnaire-extraction-main\data\preprocessed_tables\018_scaredformparentandchildversio.json,4,0
o,C:\Users\tates\Downloads\pdf-questionnaire-extraction-main\pdf-questionnaire-extraction-main\data\preprocessed_tables\018_scaredformparentandchildversio.json,4,0
o,C:\Users\tates\Downloads\pdf-questionnaire-extraction-main\pdf-questionnaire-extraction-main\data\preprocessed_tables\018_scaredformparentandchildversio.json,4,0
"38.   When my child gets frightened, he/she feels dizzy",C:\Users\tates\Downloads\pdf-questionnaire-extraction-main\pdf-questionnaire-extraction-main\data\preprocessed_tables\018_scaredformparentandchildversio.json,4,1
o,C:\Users\tates\Downloads\pdf-questionnaire-extraction-main\pdf-questionnaire-extraction-main\data\preprocessed_tables\018_scaredformparentandchildversio.json,4,0
o,C:\Users\tates\Downloads\pdf-questionnaire-extraction-main\pdf-questionnaire-extraction-main\data\preprocessed_tables\018_scaredformparentandchildversio.json,4,0
o,C:\Users\tates\Downloads\pdf-questionnaire-extraction-main\pdf-questionnaire-extraction-main\data\preprocessed_tables\018_scaredformparentandchildversio.json,4,0
"My child feels nervous when he/she is with other children or adults 
and he/she has to do something while they watch him/her (for 
example: read aloud, speak, play a game, play a sport)",C:\Users\tates\Downloads\pdf-questionnaire-extraction-main\pdf-questionnaire-extraction-main\data\preprocessed_tables\018_scaredformparentandchildversio.json,4,1
o,C:\Users\tates\Downloads\pdf-questionnaire-extraction-main\pdf-questionnaire-extraction-main\data\preprocessed_tables\018_scaredformparentandchildversio.json,4,0
o,C:\Users\tates\Downloads\pdf-questionnaire-extraction-main\pdf-questionnaire-extraction-main\data\preprocessed_tables\018_scaredformparentandchildversio.json,4,0
o,C:\Users\tates\Downloads\pdf-questionnaire-extraction-main\pdf-questionnaire-extraction-main\data\preprocessed_tables\018_scaredformparentandchildversio.json,4,0
"My child feels nervous when he/she is going to parties, dances, or 
any place where there will be people that he/she doesn’t know well",C:\Users\tates\Downloads\pdf-questionnaire-extraction-main\pdf-questionnaire-extraction-main\data\preprocessed_tables\018_scaredformparentandchildversio.json,4,1
o,C:\Users\tates\Downloads\pdf-questionnaire-extraction-main\pdf-questionnaire-extraction-main\data\preprocessed_tables\018_scaredformparentandchildversio.json,4,0
o,C:\Users\tates\Downloads\pdf-questionnaire-extraction-main\pdf-questionnaire-extraction-main\data\preprocessed_tables\018_scaredformparentandchildversio.json,4,0
o,C:\Users\tates\Downloads\pdf-questionnaire-extraction-main\pdf-questionnaire-extraction-main\data\preprocessed_tables\018_scaredformparentandchildversio.json,4,0
41.   My child is shy,C:\Users\tates\Downloads\pdf-questionnaire-extraction-main\pdf-questionnaire-extraction-main\data\preprocessed_tables\018_scaredformparentandchildversio.json,4,1
o,C:\Users\tates\Downloads\pdf-questionnaire-extraction-main\pdf-questionnaire-extraction-main\data\preprocessed_tables\018_scaredformparentandchildversio.json,4,0
o,C:\Users\tates\Downloads\pdf-questionnaire-extraction-main\pdf-questionnaire-extraction-main\data\preprocessed_tables\018_scaredformparentandchildversio.json,4,0
o,C:\Users\tates\Downloads\pdf-questionnaire-extraction-main\pdf-questionnaire-extraction-main\data\preprocessed_tables\018_scaredformparentandchildversio.json,4,0
Question,C:\Users\tates\Downloads\pdf-questionnaire-extraction-main\pdf-questionnaire-extraction-main\data\preprocessed_tables\018_scaredformparentandchildversio.json,5,0
Panic/Somatic,C:\Users\tates\Downloads\pdf-questionnaire-extraction-main\pdf-questionnaire-extraction-main\data\preprocessed_tables\018_scaredformparentandchildversio.json,5,1
"Generalized 
Anxiety",C:\Users\tates\Downloads\pdf-questionnaire-extraction-main\pdf-questionnaire-extraction-main\data\preprocessed_tables\018_scaredformparentandchildversio.json,5,1
Separation,C:\Users\tates\Downloads\pdf-questionnaire-extraction-main\pdf-questionnaire-extraction-main\data\preprocessed_tables\018_scaredformparentandchildversio.json,5,1
Social,C:\Users\tates\Downloads\pdf-questionnaire-extraction-main\pdf-questionnaire-extraction-main\data\preprocessed_tables\018_scaredformparentandchildversio.json,5,1
"School 
Avoidance",C:\Users\tates\Downloads\pdf-questionnaire-extraction-main\pdf-questionnaire-extraction-main\data\preprocessed_tables\018_scaredformparentandchildversio.json,5,1
Total,C:\Users\tates\Downloads\pdf-questionnaire-extraction-main\pdf-questionnaire-extraction-main\data\preprocessed_tables\018_scaredformparentandchildversio.json,5,0
"Cutoff 
= 7",C:\Users\tates\Downloads\pdf-questionnaire-extraction-main\pdf-questionnaire-extraction-main\data\preprocessed_tables\018_scaredformparentandchildversio.json,5,0
"Cutoff 
= 9",C:\Users\tates\Downloads\pdf-questionnaire-extraction-main\pdf-questionnaire-extraction-main\data\preprocessed_tables\018_scaredformparentandchildversio.json,5,0
"Cutoff 
= 5",C:\Users\tates\Downloads\pdf-questionnaire-extraction-main\pdf-questionnaire-extraction-main\data\preprocessed_tables\018_scaredformparentandchildversio.json,5,0
"Cutoff 
= 8",C:\Users\tates\Downloads\pdf-questionnaire-extraction-main\pdf-questionnaire-extraction-main\data\preprocessed_tables\018_scaredformparentandchildversio.json,5,0
"Cutoff 
= 3",C:\Users\tates\Downloads\pdf-questionnaire-extraction-main\pdf-questionnaire-extraction-main\data\preprocessed_tables\018_scaredformparentandchildversio.json,5,0